truncate table
  audit_log,
  auth_sessions,
  import_runs,
  external_entity_refs,
  external_accounts,
  integration_tokens,
  integrations,
  health_workouts,
  health_sleep_segments,
  calendar_events,
  review_items,
  stay_segments,
  time_entry_tags,
  time_entries,
  activity_events,
  automation_rules,
  geofences,
  places,
  event_sources,
  devices,
  tags,
  projects,
  categories,
  clients,
  workspace_members,
  workspaces,
  users
restart identity cascade;

insert into users (id, email, name) values
  ('00000000-0000-4000-8000-000000000001', 'demo@dayframe.local', 'Demo User');

insert into workspaces (id, name) values
  ('00000000-0000-4000-8000-000000000010', 'Personal'),
  ('00000000-0000-4000-8000-000000000011', 'Freelance Studio');

insert into workspace_members (workspace_id, user_id, role) values
  ('00000000-0000-4000-8000-000000000010', '00000000-0000-4000-8000-000000000001', 'owner'),
  ('00000000-0000-4000-8000-000000000011', '00000000-0000-4000-8000-000000000001', 'owner');

insert into clients (id, workspace_id, name, color) values
  ('01000000-0000-4000-8000-000000000001', '00000000-0000-4000-8000-000000000010', 'Internal', 'graphite'),
  ('01000000-0000-4000-8000-000000000002', '00000000-0000-4000-8000-000000000010', 'Acme Ltd', 'blue'),
  ('01000000-0000-4000-8000-000000000003', '00000000-0000-4000-8000-000000000010', 'Family', 'teal'),
  ('01000000-0000-4000-8000-000000000004', '00000000-0000-4000-8000-000000000010', 'Health', 'lime'),
  ('01000000-0000-4000-8000-000000000005', '00000000-0000-4000-8000-000000000010', 'Learning', 'violet');

insert into categories (id, workspace_id, name, color, is_pinned) values
  ('20000000-0000-4000-8000-000000000001', '00000000-0000-4000-8000-000000000010', 'Work', 'blue', true),
  ('20000000-0000-4000-8000-000000000002', '00000000-0000-4000-8000-000000000010', 'Admin', 'steel', true),
  ('20000000-0000-4000-8000-000000000003', '00000000-0000-4000-8000-000000000010', 'Personal', 'teal', true),
  ('20000000-0000-4000-8000-000000000004', '00000000-0000-4000-8000-000000000010', 'Health', 'lime', true),
  ('20000000-0000-4000-8000-000000000005', '00000000-0000-4000-8000-000000000010', 'Family', 'rose', true),
  ('20000000-0000-4000-8000-000000000006', '00000000-0000-4000-8000-000000000010', 'Learning', 'violet', false),
  ('20000000-0000-4000-8000-000000000007', '00000000-0000-4000-8000-000000000010', 'Rest', 'sky', false),
  ('20000000-0000-4000-8000-000000000008', '00000000-0000-4000-8000-000000000010', 'Travel', 'orange', false),
  ('20000000-0000-4000-8000-000000000009', '00000000-0000-4000-8000-000000000010', 'Client Work', 'blue', false);

insert into projects (id, workspace_id, client_id, category_id, name, color, billable) values
  ('10000000-0000-4000-8000-000000000000', '00000000-0000-4000-8000-000000000010', '01000000-0000-4000-8000-000000000001', '20000000-0000-4000-8000-000000000002', 'Admin', 'steel', false),
  ('10000000-0000-4000-8000-000000000001', '00000000-0000-4000-8000-000000000010', '01000000-0000-4000-8000-000000000001', '20000000-0000-4000-8000-000000000001', 'Deep Work', 'blue', false),
  ('10000000-0000-4000-8000-000000000002', '00000000-0000-4000-8000-000000000010', '01000000-0000-4000-8000-000000000002', '20000000-0000-4000-8000-000000000009', 'Client Delivery', 'sky', true),
  ('10000000-0000-4000-8000-000000000004', '00000000-0000-4000-8000-000000000010', '01000000-0000-4000-8000-000000000004', '20000000-0000-4000-8000-000000000004', 'Gym', 'lime', false),
  ('10000000-0000-4000-8000-000000000005', '00000000-0000-4000-8000-000000000010', '01000000-0000-4000-8000-000000000003', '20000000-0000-4000-8000-000000000005', 'Family Time', 'rose', false),
  ('10000000-0000-4000-8000-000000000006', '00000000-0000-4000-8000-000000000010', '01000000-0000-4000-8000-000000000001', '20000000-0000-4000-8000-000000000003', 'Chores', 'teal', false),
  ('10000000-0000-4000-8000-000000000007', '00000000-0000-4000-8000-000000000010', '01000000-0000-4000-8000-000000000001', '20000000-0000-4000-8000-000000000003', 'Errands', 'moss', false),
  ('10000000-0000-4000-8000-000000000008', '00000000-0000-4000-8000-000000000010', '01000000-0000-4000-8000-000000000001', '20000000-0000-4000-8000-000000000008', 'Travel', 'orange', false),
  ('10000000-0000-4000-8000-000000000009', '00000000-0000-4000-8000-000000000010', '01000000-0000-4000-8000-000000000005', '20000000-0000-4000-8000-000000000006', 'Reading', 'violet', false),
  ('10000000-0000-4000-8000-000000000010', '00000000-0000-4000-8000-000000000010', '01000000-0000-4000-8000-000000000004', '20000000-0000-4000-8000-000000000007', 'Sleep', 'graphite', false),
  ('10000000-0000-4000-8000-000000000011', '00000000-0000-4000-8000-000000000010', '01000000-0000-4000-8000-000000000005', '20000000-0000-4000-8000-000000000006', 'Study', 'violet', false),
  ('10000000-0000-4000-8000-000000000012', '00000000-0000-4000-8000-000000000010', '01000000-0000-4000-8000-000000000001', '20000000-0000-4000-8000-000000000003', 'Creative Work', 'amber', false);

insert into tags (id, workspace_id, name, color) values
  ('50000000-0000-4000-8000-000000000001', '00000000-0000-4000-8000-000000000010', 'billable', 'blue'),
  ('50000000-0000-4000-8000-000000000002', '00000000-0000-4000-8000-000000000010', 'manual', 'steel'),
  ('50000000-0000-4000-8000-000000000003', '00000000-0000-4000-8000-000000000010', 'automated', 'lime'),
  ('50000000-0000-4000-8000-000000000004', '00000000-0000-4000-8000-000000000010', 'needs-review', 'red'),
  ('50000000-0000-4000-8000-000000000005', '00000000-0000-4000-8000-000000000010', 'nfc', 'violet'),
  ('50000000-0000-4000-8000-000000000006', '00000000-0000-4000-8000-000000000010', 'geofence', 'teal'),
  ('50000000-0000-4000-8000-000000000007', '00000000-0000-4000-8000-000000000010', 'health', 'lime'),
  ('50000000-0000-4000-8000-000000000008', '00000000-0000-4000-8000-000000000010', 'calendar', 'orange');

insert into devices (id, user_id, platform, name, last_seen_at) values
  ('60000000-0000-4000-8000-000000000001', '00000000-0000-4000-8000-000000000001', 'ios', 'Demo iPhone', now());

insert into event_sources (workspace_id, source, display_name) values
  ('00000000-0000-4000-8000-000000000010', 'manual_app', 'Manual web app'),
  ('00000000-0000-4000-8000-000000000010', 'mobile_app', 'Mobile app'),
  ('00000000-0000-4000-8000-000000000010', 'nfc', 'NFC tag'),
  ('00000000-0000-4000-8000-000000000010', 'shortcut', 'Shortcut or deep link'),
  ('00000000-0000-4000-8000-000000000010', 'geofence_specific', 'Specific geofence'),
  ('00000000-0000-4000-8000-000000000010', 'geofence_broad', 'Broad geofence'),
  ('00000000-0000-4000-8000-000000000010', 'calendar', 'Calendar hint'),
  ('00000000-0000-4000-8000-000000000010', 'health_sleep', 'Health sleep import'),
  ('00000000-0000-4000-8000-000000000010', 'health_workout', 'Health workout import'),
  ('00000000-0000-4000-8000-000000000010', 'home_assistant', 'Home Assistant bridge'),
  ('00000000-0000-4000-8000-000000000010', 'ha_button', 'Home Assistant button'),
  ('00000000-0000-4000-8000-000000000010', 'ha_geofence', 'Home Assistant geofence');

insert into places (id, workspace_id, name, latitude, longitude, radius_meters, priority, default_project_id, default_category_id, auto_start) values
  ('30000000-0000-4000-8000-000000000001', '00000000-0000-4000-8000-000000000010', 'Home', 51.509, -0.118, 120, 5, null, null, false),
  ('30000000-0000-4000-8000-000000000002', '00000000-0000-4000-8000-000000000010', 'Office', 51.515, -0.102, 90, 7, '10000000-0000-4000-8000-000000000001', '20000000-0000-4000-8000-000000000001', false),
  ('30000000-0000-4000-8000-000000000003', '00000000-0000-4000-8000-000000000010', 'Gym', 51.506, -0.089, 80, 8, '10000000-0000-4000-8000-000000000004', '20000000-0000-4000-8000-000000000004', false),
  ('30000000-0000-4000-8000-000000000004', '00000000-0000-4000-8000-000000000010', 'School', 51.503, -0.075, 110, 7, '10000000-0000-4000-8000-000000000005', '20000000-0000-4000-8000-000000000005', false),
  ('30000000-0000-4000-8000-000000000005', '00000000-0000-4000-8000-000000000010', 'Town Centre', 51.512, -0.122, 700, 1, '10000000-0000-4000-8000-000000000007', '20000000-0000-4000-8000-000000000003', false),
  ('30000000-0000-4000-8000-000000000006', '00000000-0000-4000-8000-000000000010', 'Coffee Shop', 51.511, -0.113, 55, 6, '10000000-0000-4000-8000-000000000009', '20000000-0000-4000-8000-000000000006', false);

insert into geofences (workspace_id, place_id, center, radius_meters, priority, is_broad)
select workspace_id, id, ST_SetSRID(ST_MakePoint(longitude, latitude), 4326)::geography, radius_meters, priority, priority <= 2
from places
where latitude is not null and longitude is not null;

insert into automation_rules (id, workspace_id, name, trigger_source, trigger_type, place_id, action, project_id, category_id, confidence_threshold, enabled) values
  ('40000000-0000-4000-8000-000000000001', '00000000-0000-4000-8000-000000000010', 'Enter Gym -> suggest Gym', 'geofence_specific', 'geofence_enter', '30000000-0000-4000-8000-000000000003', 'suggest_timer', '10000000-0000-4000-8000-000000000004', '20000000-0000-4000-8000-000000000004', 'medium_high', true),
  ('40000000-0000-4000-8000-000000000002', '00000000-0000-4000-8000-000000000010', 'Enter School -> suggest Family Time', 'geofence_specific', 'geofence_enter', '30000000-0000-4000-8000-000000000004', 'suggest_timer', '10000000-0000-4000-8000-000000000005', '20000000-0000-4000-8000-000000000005', 'medium_high', true),
  ('40000000-0000-4000-8000-000000000003', '00000000-0000-4000-8000-000000000010', 'Enter Town Centre -> review', 'geofence_broad', 'geofence_enter', '30000000-0000-4000-8000-000000000005', 'create_review_item', '10000000-0000-4000-8000-000000000007', '20000000-0000-4000-8000-000000000003', 'low', true),
  ('40000000-0000-4000-8000-000000000004', '00000000-0000-4000-8000-000000000010', 'Tap NFC Start Chores -> start Chores', 'nfc', 'nfc_action', null, 'start_timer', '10000000-0000-4000-8000-000000000006', '20000000-0000-4000-8000-000000000003', 'high', true);

insert into activity_events (id, workspace_id, user_id, device_id, source, event_type, occurred_at, confidence, raw_payload, suggested_project_id, suggested_category_id, suggested_place_id, review_status) values
  ('70000000-0000-4000-8000-000000000001', '00000000-0000-4000-8000-000000000010', '00000000-0000-4000-8000-000000000001', '60000000-0000-4000-8000-000000000001', 'manual_app', 'timer_start', now() - interval '6 hours', 'high', '{"description":"Morning focus"}', '10000000-0000-4000-8000-000000000001', '20000000-0000-4000-8000-000000000001', '30000000-0000-4000-8000-000000000002', 'confirmed'),
  ('70000000-0000-4000-8000-000000000002', '00000000-0000-4000-8000-000000000010', '00000000-0000-4000-8000-000000000001', '60000000-0000-4000-8000-000000000001', 'geofence_broad', 'geofence_enter', now() - interval '2 hours', 'low', '{"placeName":"Town Centre","isBroad":true}', '10000000-0000-4000-8000-000000000007', '20000000-0000-4000-8000-000000000003', '30000000-0000-4000-8000-000000000005', 'needs_review');

insert into time_entries (id, workspace_id, user_id, project_id, category_id, place_id, source, confidence, review_status, description, started_at, stopped_at, created_from_event_id) values
  ('80000000-0000-4000-8000-000000000001', '00000000-0000-4000-8000-000000000010', '00000000-0000-4000-8000-000000000001', '10000000-0000-4000-8000-000000000001', '20000000-0000-4000-8000-000000000001', '30000000-0000-4000-8000-000000000002', 'manual_app', 'high', 'confirmed', 'Morning focus block', now() - interval '6 hours', now() - interval '4 hours 30 minutes', '70000000-0000-4000-8000-000000000001'),
  ('80000000-0000-4000-8000-000000000002', '00000000-0000-4000-8000-000000000010', '00000000-0000-4000-8000-000000000001', '10000000-0000-4000-8000-000000000000', '20000000-0000-4000-8000-000000000002', null, 'manual_app', 'high', 'confirmed', 'Inbox and admin', now() - interval '4 hours', now() - interval '3 hours 15 minutes', null),
  ('80000000-0000-4000-8000-000000000003', '00000000-0000-4000-8000-000000000010', '00000000-0000-4000-8000-000000000001', '10000000-0000-4000-8000-000000000011', '20000000-0000-4000-8000-000000000006', '30000000-0000-4000-8000-000000000006', 'manual_app', 'high', 'confirmed', 'Study session', now() - interval '45 minutes', null, null);

insert into time_entry_tags (time_entry_id, tag_id) values
  ('80000000-0000-4000-8000-000000000001', '50000000-0000-4000-8000-000000000002'),
  ('80000000-0000-4000-8000-000000000002', '50000000-0000-4000-8000-000000000002'),
  ('80000000-0000-4000-8000-000000000003', '50000000-0000-4000-8000-000000000002');

insert into review_items (id, workspace_id, event_id, type, title, suggested_project_id, suggested_category_id, suggested_place_id, suggested_started_at, confidence, status, notes) values
  ('90000000-0000-4000-8000-000000000001', '00000000-0000-4000-8000-000000000010', '70000000-0000-4000-8000-000000000002', 'geofence_suggestion', 'Review Town Centre visit', '10000000-0000-4000-8000-000000000007', '20000000-0000-4000-8000-000000000003', '30000000-0000-4000-8000-000000000005', now() - interval '2 hours', 'low', 'open', 'Broad place detected; waiting for confirmation.');

insert into calendar_events (workspace_id, external_id, title, started_at, stopped_at, suggested_project_id, confidence) values
  ('00000000-0000-4000-8000-000000000010', 'demo-calendar-1', 'Focus block', now() + interval '1 day 10 hours', now() + interval '1 day 12 hours', '10000000-0000-4000-8000-000000000001', 'hint');

insert into integrations (workspace_id, provider, status, settings) values
  ('00000000-0000-4000-8000-000000000010', 'calendar', 'not_connected', '{"notes":"Calendar sync is planned after v1."}'),
  ('00000000-0000-4000-8000-000000000010', 'healthkit', 'not_connected', '{"notes":"Apple Health sleep/workout imports require a native iOS build and permission."}');
